,500 count,500 %,100 count,100 %,50 count,50 %,25 count,25 %,10 count,10 %,disease,time,threshold
0,8,0.13333333333333333,0,0.0,0,0.0,0,0.0,0,0.0,Juvenile rheumatoid arthritis,12358.474314451218,1.3e-05
