,500 count,500 %,100 count,100 %,50 count,50 %,25 count,25 %,10 count,10 %,disease,time,threshold
0,15,0.2459016393442623,0,0.0,0,0.0,0,0.0,0,0.0,Juvenile rheumatoid arthritis,47059.69866156578,8e-06
