,500 count,500 %,100 count,100 %,50 count,50 %,25 count,25 %,10 count,10 %,disease,time,threshold
0,11,0.18032786885245902,0,0.0,0,0.0,0,0.0,0,0.0,Juvenile rheumatoid arthritis,7652.364831447601,1.411e-05
