,500 count,500 %,100 count,100 %,50 count,50 %,25 count,25 %,10 count,10 %,disease,time,threshold
0,14,0.23333333333333334,0,0.0,0,0.0,0,0.0,0,0.0,Juvenile rheumatoid arthritis,58733.761815309525,7e-06
