,500 count,500 %,100 count,100 %,50 count,50 %,25 count,25 %,10 count,10 %,disease,time,threshold
0,11,0.1864406779661017,0,0.0,0,0.0,0,0.0,0,0.0,Juvenile rheumatoid arthritis,17428.763769626617,1.2e-05
