,500 count,500 %,100 count,100 %,50 count,50 %,25 count,25 %,10 count,10 %,disease,time,threshold
0,7,0.11666666666666667,1,0.016666666666666666,0,0.0,0,0.0,0,0.0,Juvenile rheumatoid arthritis,4360.262229204178,1.5e-05
