,500 count,500 %,100 count,100 %,50 count,50 %,25 count,25 %,10 count,10 %,disease,time,threshold
0,7,0.11864406779661017,1,0.01694915254237288,0,0.0,0,0.0,0,0.0,Juvenile rheumatoid arthritis,7976.768415212631,1.4e-05
