,500 count,500 %,100 count,100 %,50 count,50 %,25 count,25 %,10 count,10 %,disease,time,threshold
0,10,0.1694915254237288,0,0.0,0,0.0,0,0.0,0,0.0,Juvenile rheumatoid arthritis,21576.70279455185,1.1111e-05
