,500 count,500 %,100 count,100 %,50 count,50 %,25 count,25 %,10 count,10 %,disease,time,threshold
0,17,0.2786885245901639,0,0.0,0,0.0,0,0.0,0,0.0,Juvenile rheumatoid arthritis,22048.369155168533,1.11e-05
