,500 count,500 %,100 count,100 %,50 count,50 %,25 count,25 %,10 count,10 %,disease,time,threshold
0,16,0.26229508196721313,0,0.0,0,0.0,0,0.0,0,0.0,Juvenile rheumatoid arthritis,7452.833231210709,1.41e-05
