,500 count,500 %,100 count,100 %,50 count,50 %,25 count,25 %,10 count,10 %,disease,time,threshold
0,12,0.20689655172413793,0,0.0,0,0.0,0,0.0,0,0.0,Juvenile rheumatoid arthritis,28080.60843539238,1.0111e-05
