,500 count,500 %,100 count,100 %,50 count,50 %,25 count,25 %,10 count,10 %,disease,time,threshold
0,7,0.11864406779661017,0,0.0,0,0.0,0,0.0,0,0.0,Juvenile rheumatoid arthritis,7505.517831325531,1.4111e-05
