,500 count,500 %,100 count,100 %,50 count,50 %,25 count,25 %,10 count,10 %,disease,time,threshold
0,9,0.14754098360655737,0,0.0,0,0.0,0,0.0,0,0.0,Juvenile rheumatoid arthritis,11823.397563695908,1.311e-05
