,500 count,500 %,100 count,100 %,50 count,50 %,25 count,25 %,10 count,10 %,disease,time,threshold
0,10,0.16393442622950818,0,0.0,0,0.0,0,0.0,0,0.0,Juvenile rheumatoid arthritis,16718.10776424408,1.2111e-05
