,500 count,500 %,100 count,100 %,50 count,50 %,25 count,25 %,10 count,10 %,disease,time,threshold
0,12,0.19672131147540983,0,0.0,0,0.0,0,0.0,0,0.0,Juvenile rheumatoid arthritis,16813.37228870392,1.21e-05
