,500 count,500 %,100 count,100 %,50 count,50 %,25 count,25 %,10 count,10 %,disease,time,threshold
0,10,0.16666666666666666,0,0.0,0,0.0,0,0.0,0,0.0,Juvenile rheumatoid arthritis,16522.98059654236,1.211e-05
