,500 count,500 %,100 count,100 %,50 count,50 %,25 count,25 %,10 count,10 %,disease,time,threshold
0,15,0.2542372881355932,0,0.0,0,0.0,0,0.0,0,0.0,Juvenile rheumatoid arthritis,11815.753364562988,1.31e-05
