,500 count,500 %,100 count,100 %,50 count,50 %,25 count,25 %,10 count,10 %,disease,time,threshold
0,9,0.14516129032258066,0,0.0,0,0.0,0,0.0,0,0.0,Juvenile rheumatoid arthritis,12073.114976644516,1.3111e-05
