,500 count,500 %,100 count,100 %,50 count,50 %,25 count,25 %,10 count,10 %,disease,time,threshold
0,10,0.16129032258064516,0,0.0,0,0.0,0,0.0,0,0.0,Juvenile rheumatoid arthritis,15545.145936489105,1.21e-05
