,500 count,500 %,100 count,100 %,50 count,50 %,25 count,25 %,10 count,10 %,disease,time,threshold
0,8,0.13333333333333333,0,0.0,0,0.0,0,0.0,0,0.0,Juvenile rheumatoid arthritis,3723.371440887451,1.5e-05
