,500 count,500 %,100 count,100 %,50 count,50 %,25 count,25 %,10 count,10 %,disease,time,threshold
0,0,0.0,1,0.016129032258064516,1,0.016129032258064516,0,0.0,0,0.0,Juvenile rheumatoid arthritis,6.139384508132935,1.65e-05
