,500 count,500 %,100 count,100 %,50 count,50 %,25 count,25 %,10 count,10 %,disease,time,threshold
0,13,0.21311475409836064,0,0.0,0,0.0,0,0.0,0,0.0,Juvenile rheumatoid arthritis,27368.226183891296,1.01e-05
