,500 count,500 %,100 count,100 %,50 count,50 %,25 count,25 %,10 count,10 %,disease,time,threshold
0,6,0.1016949152542373,0,0.0,0,0.0,0,0.0,0,0.0,Juvenile rheumatoid arthritis,3714.4106001853943,1.51e-05
